LeaderID,ElectionTime,TotalMessages
9,0.5,562
9,0.5,562
9,1.5,562
9,1.5,562
9,1.5,562
0.13507484739,440.13507484739,44